-- MySQL dump 10.13  Distrib 8.0.33, for macos13 (arm64)
--
-- Host: localhost    Database: db_lost_in_code
-- ------------------------------------------------------
-- Server version	8.0.33

/*!40101 SET @OLD_CHARACTER_SET_CLIENT=@@CHARACTER_SET_CLIENT */;
/*!40101 SET @OLD_CHARACTER_SET_RESULTS=@@CHARACTER_SET_RESULTS */;
/*!40101 SET @OLD_COLLATION_CONNECTION=@@COLLATION_CONNECTION */;
/*!50503 SET NAMES utf8 */;
/*!40103 SET @OLD_TIME_ZONE=@@TIME_ZONE */;
/*!40103 SET TIME_ZONE='+00:00' */;
/*!40014 SET @OLD_UNIQUE_CHECKS=@@UNIQUE_CHECKS, UNIQUE_CHECKS=0 */;
/*!40014 SET @OLD_FOREIGN_KEY_CHECKS=@@FOREIGN_KEY_CHECKS, FOREIGN_KEY_CHECKS=0 */;
/*!40101 SET @OLD_SQL_MODE=@@SQL_MODE, SQL_MODE='NO_AUTO_VALUE_ON_ZERO' */;
/*!40111 SET @OLD_SQL_NOTES=@@SQL_NOTES, SQL_NOTES=0 */;

--
-- Table structure for table `chapter`
--

DROP TABLE IF EXISTS `chapter`;
/*!40101 SET @saved_cs_client     = @@character_set_client */;
/*!50503 SET character_set_client = utf8mb4 */;
CREATE TABLE `chapter` (
  `id` int NOT NULL AUTO_INCREMENT,
  `name` varchar(45) DEFAULT NULL,
  `material` text,
  `curriculum_id` int NOT NULL,
  `order_position` int NOT NULL COMMENT 'The position of the chapter in the curriculum',
  UNIQUE KEY `id_UNIQUE` (`id`),
  KEY `curriculum_id_idx` (`curriculum_id`),
  CONSTRAINT `curriculum_chapter` FOREIGN KEY (`curriculum_id`) REFERENCES `curriculum` (`id`) ON DELETE CASCADE ON UPDATE CASCADE
) ENGINE=InnoDB AUTO_INCREMENT=37 DEFAULT CHARSET=utf8mb4 COLLATE=utf8mb4_0900_ai_ci;
/*!40101 SET character_set_client = @saved_cs_client */;

--
-- Dumping data for table `chapter`
--

LOCK TABLES `chapter` WRITE;
/*!40000 ALTER TABLE `chapter` DISABLE KEYS */;
INSERT INTO `chapter` VALUES (1,'Syntax','The php syntax is super simple',1,1),(2,'syntax2','This is the chapter about syntax. Syntax is something that you should learn. It is done like this etc pp',1,2),(3,'syntax2','This is the chapter about syntax. Syntax is something that you should learn. It is done like this etc pp',1,3),(4,'syntax2','This is the chapter about syntax. Syntax is something that you should learn. It is done like this etc pp',1,4),(5,'syntax2','This is the chapter about syntax. Syntax is something that you should learn. It is done like this etc pp',1,5),(6,'syntax2','This is the chapter about syntax. Syntax is something that you should learn. It is done like this etc pp',1,6),(7,'syntax2','This is the chapter about syntax. Syntax is something that you should learn. It is done like this etc pp',1,7),(8,'syntax2','This is the chapter about syntax. Syntax is something that you should learn. It is done like this etc pp',1,8),(9,'syntax2','This is the chapter about syntax. Syntax is something that you should learn. It is done like this etc pp',1,9),(10,'syntax2','This is the chapter about syntax. Syntax is something that you should learn. It is done like this etc pp',1,10),(11,'syntax2','This is the chapter about syntax. Syntax is something that you should learn. It is done like this etc pp',1,11),(12,'syntax2','This is the chapter about syntax. Syntax is something that you should learn. It is done like this etc pp',1,12),(13,'syntax2','This is the chapter about syntax. Syntax is something that you should learn. It is done like this etc pp',1,13),(14,'syntax2','This is the chapter about syntax. Syntax is something that you should learn. It is done like this etc pp',1,14),(15,'syntax2','This is the chapter about syntax. Syntax is something that you should learn. It is done like this etc pp',1,15),(16,'syntax2','This is the chapter about syntax. Syntax is something that you should learn. It is done like this etc pp',1,16),(17,'syntax2','This is the chapter about syntax. Syntax is something that you should learn. It is done like this etc pp',1,17),(18,'variables','This is the chapter about variables. variables is something that you should learn. It is done like this etc pp',17,0),(19,'syntax10','This is the chapter about syntax. Syntax is something that you should learn. It is done like this etc pp',18,1),(20,'Variables','This is the chapter about syntax. Syntax is something that you should learn. It is done like this etc pp',18,2),(21,'Introduction','What is PHP? \nPHP is a server-side open-source scripting language used for creating dynamic web pages. The abbreviation stands for Hypertext Preprocessor. PHP allows developers to create dynamic content and interact with databases. It is a widely used and popular language for web development. \nPHP runs on the server, which means the server processes the PHP code and sends the resulting HTML code to the client (usually a web browser). This allows developers to create web pages that respond to user input, retrieve and process data from databases, and generate content dynamically. \nPHP is easy to learn and developing executable applications is possible even as a beginner. Due to it’s widespread use, a lot of Programming-Tools support PHP. \nHowever, there are also disadvantages in using PHP. The syntax can be inconsistent, because of changes made in the evolution of PHP. PHP is a weakly typed language, meaning variable types do not need to be explicitly declared. While this can make coding quicker and easier, it can also lead to unexpected behavior and bugs if not handled carefully.',19,1),(22,'Syntax','A PHP script can be embedded anywhere in an HTML document. It always starts with (<?php) and ends with (?>). \nWith the function (echo) you can display the following text in the browser. \nComments can be written with (//) or with multiline (/* */). Comments are sections of text in a program that are ignored for execution and are used only to document or explain the code. Comments allow developers to leave notes, explanations, or hints in the source code to help other developers or themselves better understand the code. \nInstructions must always be terminated with a (;).',19,2),(23,'Variables','Variables are placeholders that are addressed by their names. They are used because they can be easily changed without having to modify the entire program. The concept of variables is already known from mathematics. Variables can be imagined as containers that store data. In code, variables are replaced by their values.\nIn PHP, variables can have the following characteristics:\nDeclaration: A variable is declared by assigning a name to it. The name must start with a dollar sign ($), followed by a valid identifier. The name of a variable must always start with a letter or underscore (_). Case sensitivity is observed. For example: $number, $name, $age.\nAssignment: To assign a value to a variable, the assignment operator (=) is used. \nDynamic Typing: In PHP, variables do not need to be declared with a specific data type beforehand. PHP is a dynamically typed language, which means that the data type of a variable is automatically determined based on the assigned value. As a result, a variable can change its data type during runtime. (Data types will be explained in the next chapter)\nUsage: A variable can be used at various points in the code to access its value, modify it, or use it in calculations. For example, the value of a variable can be displayed in an output or passed as a parameter to a function.',19,3),(24,'Data Types','Data types describe the kind of data is being used and restrict what can be done with that data. PHP supports several data types, including:\nString: a sequence of characters or text, enclosed in (\"\") or (\'\') for example \"Hello World\"\nInteger: a non-decimal number between -2,147,483,648 and 2,147,483,647\nFloat: a number with a decimal point or a number in exponential form\nBoolean: a truth value, has two possible states: True or False\nArray: a list that stores multiple values in one single variable for example $cars = array(\"Volvo\",\"BMW\",\"Toyota\");\nNULL: has only one value: NULL, represents an empty variable',19,4),(25,'Strings','Strings in PHP are used to represent and manipulate text data. There are multiple rules and functions to manipulate and work with Strings\nConcatenation: Strings can be concatenated using the dot (.) operator. Example: $greeting = \"Hello\" . \"World!\";\nVariable interpolation: In double-quoted strings, variables can be directly embedded by enclosing them in curly braces. Example: $name = \"John\"; echo \"My name is {$name}.\";\nEscaping characters: Certain characters have special meanings in strings, and if you want to include them as literal characters, you need to escape them using a backslash. Example: $message = \"He said, \"Hello!\"\";\nAccessing characters: Individual characters within a string can be accessed using square brackets and the zero-based index. Example: $name = \"John\"; echo $name[0]; // Output: \"J\"\nLength: strlen() function returns the length of a string\nCount: str_word_count() function counts the number of words in a string\nReverse: strrev() function reverses a string\nString manipulation functions: PHP provides numerous built-in functions for manipulating strings, such as strtolower(), strtoupper(), substr(), strpos(), str_replace(), and many more. These functions help with tasks like converting case, extracting substrings, finding and replacing text, and more.',19,5),(26,'Operators','Operators in PHP are symbols or characters that are used to perform various operations on variables and values. PHP provides a wide range of operators for different purposes. Here\'s an overview of the important operators in PHP:\n1. Arithmetic Operators:\n- Addition: (+)\n- Subtraction: (-)\n- Multiplication: (*)\n- Division: (/)\n- Modulo (Remainder): (%)\n- Exponentiation: (**)\n2. Assignment Operators:\n- Assign: (=)\n- Addition assignment: (+=)\n- Subtraction assignment: (-=)\n- Multiplication assignment: (*=)\n- Division assignment: (/=)\n- Modulo assignment: (%=)\n- Concatenation assignment: (.=) (for strings)\n3. Comparison Operators:\n- Equal to: (==)\n- Identical to: (===)\n- Not equal to: (!=) or (<>)\n- Not identical to: (!==)\n- Greater than: (>)\n- Less than: (<)\n- Greater than or equal to: (>=)\n- Less than or equal to: (<=)\n4. Logical Operators:\n- AND: (&&) or (and)\n- OR: (||) or (or)\n- NOT: (!) or (not)\n5. Increment and Decrement Operators:\n- Increment: (++)\n- Decrement: (--)',19,5),(27,'If-Statements','If-statements are a fundamental part of programming languages, including PHP. They allow you to make decisions in your code based on certain conditions. The basic syntax of an if-statement in PHP is as follows:\n beispiel!!! \n Here\'s how it works:\n1. The condition is an expression that evaluates to either true or false. It can involve comparisons, logical operators, or other conditions. For example, $age > 18 or $name == \"John\".\n2. If the condition evaluates to true, the code block enclosed in curly braces ({}) is executed. This code block can contain one or more statements that will be executed if the condition is met.\n3. If the condition is false, the code block is skipped, and the program moves on to the next statement after the if-statement.\nYou can also extend the if-statement with additional clauses:\nelse: You can use the else clause to specify an alternative code block that will be executed if the initial condition is false. The syntax is as follows: \n beispiel!!!\n elseif: If you have multiple conditions to check, you can use the elseif clause to specify additional conditions. The syntax is as follows:\n beispiel!!!\nBy using if-statements, you can control the flow of your program and make it perform different actions based on different conditions. This is crucial for building dynamic and interactive applications.',19,7),(28,'While Loops','While loops are iterative control structures in PHP that allow you to repeatedly execute a block of code as long as a certain condition is true. They provide a way to automate repetitive tasks and perform actions based on changing conditions. \nThe basic syntax of a while loop in PHP is as follows:\n beispiel!!!\n Here\'s how it works:\n 1. The condition is an expression that is evaluated before each iteration of the loop. If the condition is true, the code block inside the while loop is executed. If the condition is false, the loop is exited, and the program continues with the next statement after the loop.\n 2. The code block inside the while loop contains the statements that will be executed repeatedly as long as the condition is true. It is essential to ensure that the code inside the loop includes some logic that will eventually make the condition false; otherwise, the loop will continue indefinitely, resulting in an infinite loop.\n Here\'s an example to illustrate the usage of a while loop:\n beispiel!!! \n In this example, the initial value of the variable $count is 1. The while loop executes as long as $count is less than or equal to 10. Inside the loop, the value of $count is echoed, followed by a space. Then, the value of $count is incremented by 1 using the $count++ statement. This process continues until $count reaches 11, at which point the condition becomes false, and the loop terminates. \n While loops are useful when you want to repeat a block of code based on a certain condition. They are particularly helpful when the exact number of iterations is not known in advance. However, it\'s important to ensure that the condition will eventually become false to avoid infinite loops.',19,8),(29,'Introduction','What is PHP? \nPHP is a server-side open-source scripting language used for creating dynamic web pages. The abbreviation stands for Hypertext Preprocessor. PHP allows developers to create dynamic content and interact with databases. It is a widely used and popular language for web development. \nPHP runs on the server, which means the server processes the PHP code and sends the resulting HTML code to the client (usually a web browser). This allows developers to create web pages that respond to user input, retrieve and process data from databases, and generate content dynamically. \nPHP is easy to learn and developing executable applications is possible even as a beginner. Due to it’s widespread use, a lot of Programming-Tools support PHP. \nHowever, there are also disadvantages in using PHP. The syntax can be inconsistent, because of changes made in the evolution of PHP. PHP is a weakly typed language, meaning variable types do not need to be explicitly declared. While this can make coding quicker and easier, it can also lead to unexpected behavior and bugs if not handled carefully.',20,1),(30,'Syntax','A PHP script can be embedded anywhere in an HTML document. It always starts with (<?php) and ends with (?>). \nWith the function (echo) you can display the following text in the browser. \nComments can be written with (//) or with multiline (/* */). Comments are sections of text in a program that are ignored for execution and are used only to document or explain the code. Comments allow developers to leave notes, explanations, or hints in the source code to help other developers or themselves better understand the code. \nInstructions must always be terminated with a (;).',20,2),(31,'Variables','Variables are placeholders that are addressed by their names. They are used because they can be easily changed without having to modify the entire program. The concept of variables is already known from mathematics. Variables can be imagined as containers that store data. In code, variables are replaced by their values.\nIn PHP, variables can have the following characteristics:\nDeclaration: A variable is declared by assigning a name to it. The name must start with a dollar sign ($), followed by a valid identifier. The name of a variable must always start with a letter or underscore (_). Case sensitivity is observed. For example: $number, $name, $age.\nAssignment: To assign a value to a variable, the assignment operator (=) is used. \nDynamic Typing: In PHP, variables do not need to be declared with a specific data type beforehand. PHP is a dynamically typed language, which means that the data type of a variable is automatically determined based on the assigned value. As a result, a variable can change its data type during runtime. (Data types will be explained in the next chapter)\nUsage: A variable can be used at various points in the code to access its value, modify it, or use it in calculations. For example, the value of a variable can be displayed in an output or passed as a parameter to a function.',20,3),(32,'Data Types','Data types describe the kind of data is being used and restrict what can be done with that data. PHP supports several data types, including:\nString: a sequence of characters or text, enclosed in (\"\") or (\'\') for example \"Hello World\"\nInteger: a non-decimal number between -2,147,483,648 and 2,147,483,647\nFloat: a number with a decimal point or a number in exponential form\nBoolean: a truth value, has two possible states: True or False\nArray: a list that stores multiple values in one single variable for example $cars = array(\"Volvo\",\"BMW\",\"Toyota\");\nNULL: has only one value: NULL, represents an empty variable',20,4),(33,'Strings','Strings in PHP are used to represent and manipulate text data. There are multiple rules and functions to manipulate and work with Strings\nConcatenation: Strings can be concatenated using the dot (.) operator. Example: $greeting = \"Hello\" . \"World!\";\nVariable interpolation: In double-quoted strings, variables can be directly embedded by enclosing them in curly braces. Example: $name = \"John\"; echo \"My name is {$name}.\";\nEscaping characters: Certain characters have special meanings in strings, and if you want to include them as literal characters, you need to escape them using a backslash. Example: $message = \"He said, \"Hello!\"\";\nAccessing characters: Individual characters within a string can be accessed using square brackets and the zero-based index. Example: $name = \"John\"; echo $name[0]; // Output: \"J\"\nLength: strlen() function returns the length of a string\nCount: str_word_count() function counts the number of words in a string\nReverse: strrev() function reverses a string\nString manipulation functions: PHP provides numerous built-in functions for manipulating strings, such as strtolower(), strtoupper(), substr(), strpos(), str_replace(), and many more. These functions help with tasks like converting case, extracting substrings, finding and replacing text, and more.',20,5),(34,'Operators','Operators in PHP are symbols or characters that are used to perform various operations on variables and values. PHP provides a wide range of operators for different purposes. Here\'s an overview of the important operators in PHP:\n1. Arithmetic Operators:\n- Addition: (+)\n- Subtraction: (-)\n- Multiplication: (*)\n- Division: (/)\n- Modulo (Remainder): (%)\n- Exponentiation: (**)\n2. Assignment Operators:\n- Assign: (=)\n- Addition assignment: (+=)\n- Subtraction assignment: (-=)\n- Multiplication assignment: (*=)\n- Division assignment: (/=)\n- Modulo assignment: (%=)\n- Concatenation assignment: (.=) (for strings)\n3. Comparison Operators:\n- Equal to: (==)\n- Identical to: (===)\n- Not equal to: (!=) or (<>)\n- Not identical to: (!==)\n- Greater than: (>)\n- Less than: (<)\n- Greater than or equal to: (>=)\n- Less than or equal to: (<=)\n4. Logical Operators:\n- AND: (&&) or (and)\n- OR: (||) or (or)\n- NOT: (!) or (not)\n5. Increment and Decrement Operators:\n- Increment: (++)\n- Decrement: (--)',20,5),(35,'If-Statements','If-statements are a fundamental part of programming languages, including PHP. They allow you to make decisions in your code based on certain conditions. The basic syntax of an if-statement in PHP is as follows:\n beispiel!!! \n Here\'s how it works:\n1. The condition is an expression that evaluates to either true or false. It can involve comparisons, logical operators, or other conditions. For example, $age > 18 or $name == \"John\".\n2. If the condition evaluates to true, the code block enclosed in curly braces ({}) is executed. This code block can contain one or more statements that will be executed if the condition is met.\n3. If the condition is false, the code block is skipped, and the program moves on to the next statement after the if-statement.\nYou can also extend the if-statement with additional clauses:\nelse: You can use the else clause to specify an alternative code block that will be executed if the initial condition is false. The syntax is as follows: \n beispiel!!!\n elseif: If you have multiple conditions to check, you can use the elseif clause to specify additional conditions. The syntax is as follows:\n beispiel!!!\nBy using if-statements, you can control the flow of your program and make it perform different actions based on different conditions. This is crucial for building dynamic and interactive applications.',20,7),(36,'While Loops','While loops are iterative control structures in PHP that allow you to repeatedly execute a block of code as long as a certain condition is true. They provide a way to automate repetitive tasks and perform actions based on changing conditions. \nThe basic syntax of a while loop in PHP is as follows:\n beispiel!!!\n Here\'s how it works:\n 1. The condition is an expression that is evaluated before each iteration of the loop. If the condition is true, the code block inside the while loop is executed. If the condition is false, the loop is exited, and the program continues with the next statement after the loop.\n 2. The code block inside the while loop contains the statements that will be executed repeatedly as long as the condition is true. It is essential to ensure that the code inside the loop includes some logic that will eventually make the condition false; otherwise, the loop will continue indefinitely, resulting in an infinite loop.\n Here\'s an example to illustrate the usage of a while loop:\n beispiel!!! \n In this example, the initial value of the variable $count is 1. The while loop executes as long as $count is less than or equal to 10. Inside the loop, the value of $count is echoed, followed by a space. Then, the value of $count is incremented by 1 using the $count++ statement. This process continues until $count reaches 11, at which point the condition becomes false, and the loop terminates. \n While loops are useful when you want to repeat a block of code based on a certain condition. They are particularly helpful when the exact number of iterations is not known in advance. However, it\'s important to ensure that the condition will eventually become false to avoid infinite loops.',20,8);
/*!40000 ALTER TABLE `chapter` ENABLE KEYS */;
UNLOCK TABLES;

--
-- Temporary view structure for view `chapter_questions`
--

DROP TABLE IF EXISTS `chapter_questions`;
/*!50001 DROP VIEW IF EXISTS `chapter_questions`*/;
SET @saved_cs_client     = @@character_set_client;
/*!50503 SET character_set_client = utf8mb4 */;
/*!50001 CREATE VIEW `chapter_questions` AS SELECT 
 1 AS `chapter_id`,
 1 AS `chapter_name`,
 1 AS `chapter_material`,
 1 AS `chapter_curriculum_id`,
 1 AS `chapter_order_position`,
 1 AS `question_id`,
 1 AS `question_text`,
 1 AS `hint`,
 1 AS `type`,
 1 AS `difficulty`,
 1 AS `code_text`,
 1 AS `question_element_id`,
 1 AS `question_element_content`,
 1 AS `question_element_element_identifier`,
 1 AS `question_element_correct_order_position`,
 1 AS `question_element_is_correct`,
 1 AS `correct_answer_id`,
 1 AS `answer`*/;
SET character_set_client = @saved_cs_client;

--
-- Table structure for table `correct_answer`
--

DROP TABLE IF EXISTS `correct_answer`;
/*!40101 SET @saved_cs_client     = @@character_set_client */;
/*!50503 SET character_set_client = utf8mb4 */;
CREATE TABLE `correct_answer` (
  `id` int NOT NULL AUTO_INCREMENT,
  `answer` text,
  `question_element_id` int NOT NULL,
  PRIMARY KEY (`id`),
  UNIQUE KEY `id_UNIQUE` (`id`),
  KEY `question_element_correct_answer_idx` (`question_element_id`),
  CONSTRAINT `question_element_correct_answer` FOREIGN KEY (`question_element_id`) REFERENCES `question_element` (`id`) ON DELETE CASCADE ON UPDATE CASCADE
) ENGINE=InnoDB AUTO_INCREMENT=95 DEFAULT CHARSET=utf8mb4 COLLATE=utf8mb4_0900_ai_ci;
/*!40101 SET character_set_client = @saved_cs_client */;

--
-- Dumping data for table `correct_answer`
--

LOCK TABLES `correct_answer` WRITE;
/*!40000 ALTER TABLE `correct_answer` DISABLE KEYS */;
INSERT INTO `correct_answer` VALUES (1,'Hello There',1),(2,'hellothere',1),(3,'General Kenobi',2),(4,'generalkenobi',2),(5,'one',6),(6,'two',6),(7,'three',6),(8,'one',7),(9,'two',7),(10,'three',7),(11,'one',8),(12,'two',8),(13,'three',8),(14,'one',9),(15,'two',9),(16,'three',9),(17,'one',10),(18,'two',10),(19,'three',10),(20,'one',11),(21,'two',11),(22,'three',11),(23,'server',23),(24,'?php',56),(25,'echo',57),(26,'<?php',58),(27,'?>',59),(28,'output',60),(29,'//',61),(30,';',62),(31,'$',109),(32,'$name',110),(33,'$name=\'Jack\'',111),(34,'$name=\"Jack\"',111),(35,'$age=55',112),(36,'$x=3;',113),(37,'$x',114),(38,'\'',155),(39,'\"',155),(40,'\'',156),(41,'\"',156),(42,'Float',157),(43,'float',157),(44,'Integer',158),(45,'integer',158),(46,'int',158),(47,'Int',158),(48,'4',179),(49,'[',180),(50,']',181),(51,'$length = strlen($message)',186),(52,'1',201),(53,'25',202),(54,'+',203),(55,'C',220),(56,'c',220),(57,'||',226),(58,'or',226),(59,'server',264),(60,'?php',297),(61,'echo',298),(62,'<?php',299),(63,'?>',300),(64,'output',301),(65,'//',302),(66,';',303),(67,'$',350),(68,'$name',351),(69,'$name=\'Jack\'',352),(70,'$name=\"Jack\"',352),(71,'$age=55',353),(72,'$x=3;',354),(73,'$x',355),(74,'\'',396),(75,'\"',396),(76,'\'',397),(77,'\"',397),(78,'Float',398),(79,'float',398),(80,'Integer',399),(81,'integer',399),(82,'int',399),(83,'Int',399),(84,'4',420),(85,'[',421),(86,']',422),(87,'$length = strlen($message)',427),(88,'1',442),(89,'25',443),(90,'+',444),(91,'C',461),(92,'c',461),(93,'||',467),(94,'or',467);
/*!40000 ALTER TABLE `correct_answer` ENABLE KEYS */;
UNLOCK TABLES;

--
-- Table structure for table `curriculum`
--

DROP TABLE IF EXISTS `curriculum`;
/*!40101 SET @saved_cs_client     = @@character_set_client */;
/*!50503 SET character_set_client = utf8mb4 */;
CREATE TABLE `curriculum` (
  `id` int NOT NULL AUTO_INCREMENT,
  `name` varchar(45) DEFAULT NULL,
  `description` text,
  PRIMARY KEY (`id`),
  UNIQUE KEY `ID_UNIQUE` (`id`)
) ENGINE=InnoDB AUTO_INCREMENT=21 DEFAULT CHARSET=utf8mb4 COLLATE=utf8mb4_0900_ai_ci;
/*!40101 SET character_set_client = @saved_cs_client */;

--
-- Dumping data for table `curriculum`
--

LOCK TABLES `curriculum` WRITE;
/*!40000 ALTER TABLE `curriculum` DISABLE KEYS */;
INSERT INTO `curriculum` VALUES (1,'PHP','Ein curriculum speziell dafür ausgelegt php zu lehren'),(17,'PHP2','Learning materials for learning and understanding maybe even mastering PHP'),(18,'PHP10','Learning materials for the BEST learning and understanding maybe even mastering PHP'),(19,'PHP Basics','Curriculum to teach PHP Basics'),(20,'PHP Basics','Curriculum to teach PHP Basics');
/*!40000 ALTER TABLE `curriculum` ENABLE KEYS */;
UNLOCK TABLES;

--
-- Temporary view structure for view `curriculum_chapters`
--

DROP TABLE IF EXISTS `curriculum_chapters`;
/*!50001 DROP VIEW IF EXISTS `curriculum_chapters`*/;
SET @saved_cs_client     = @@character_set_client;
/*!50503 SET character_set_client = utf8mb4 */;
/*!50001 CREATE VIEW `curriculum_chapters` AS SELECT 
 1 AS `curriculum_id`,
 1 AS `curriculum_name`,
 1 AS `curriculum_description`,
 1 AS `chapter_id`,
 1 AS `chapter_name`,
 1 AS `chapter_material`,
 1 AS `chapter_order_position`,
 1 AS `question_id`,
 1 AS `question_text`,
 1 AS `hint`,
 1 AS `type`,
 1 AS `difficulty`,
 1 AS `code_text`,
 1 AS `question_element_id`,
 1 AS `question_element_content`,
 1 AS `question_element_element_identifier`,
 1 AS `question_element_correct_order_position`,
 1 AS `question_element_is_correct`,
 1 AS `correct_answer_id`,
 1 AS `answer`*/;
SET character_set_client = @saved_cs_client;

--
-- Temporary view structure for view `full_question`
--

DROP TABLE IF EXISTS `full_question`;
/*!50001 DROP VIEW IF EXISTS `full_question`*/;
SET @saved_cs_client     = @@character_set_client;
/*!50503 SET character_set_client = utf8mb4 */;
/*!50001 CREATE VIEW `full_question` AS SELECT 
 1 AS `question_id`,
 1 AS `question_text`,
 1 AS `hint`,
 1 AS `type`,
 1 AS `difficulty`,
 1 AS `code_text`,
 1 AS `question_element_id`,
 1 AS `question_element_content`,
 1 AS `question_element_element_identifier`,
 1 AS `question_element_correct_order_position`,
 1 AS `question_element_is_correct`,
 1 AS `correct_answer_id`,
 1 AS `answer`*/;
SET character_set_client = @saved_cs_client;

--
-- Table structure for table `game_state`
--

DROP TABLE IF EXISTS `game_state`;
/*!40101 SET @saved_cs_client     = @@character_set_client */;
/*!50503 SET character_set_client = utf8mb4 */;
CREATE TABLE `game_state` (
  `id` int NOT NULL AUTO_INCREMENT,
  `state_data` json NOT NULL,
  `user_id` int NOT NULL,
  PRIMARY KEY (`id`),
  UNIQUE KEY `id_UNIQUE` (`id`),
  KEY `game_state_user_idx` (`user_id`),
  CONSTRAINT `game_state_user` FOREIGN KEY (`user_id`) REFERENCES `user` (`id`) ON DELETE CASCADE ON UPDATE CASCADE
) ENGINE=InnoDB AUTO_INCREMENT=2 DEFAULT CHARSET=utf8mb4 COLLATE=utf8mb4_0900_ai_ci;
/*!40101 SET character_set_client = @saved_cs_client */;

--
-- Dumping data for table `game_state`
--

LOCK TABLES `game_state` WRITE;
/*!40000 ALTER TABLE `game_state` DISABLE KEYS */;
INSERT INTO `game_state` VALUES (1,'{\"hats\": {\"selectedHat\": \"None\", \"unlockedHats\": []}, \"room\": {\"finishedTaskObjects\": [true, true, true, true]}, \"story\": {\"bridge\": [], \"engine\": [], \"hangar\": [], \"commonRoom\": [], \"laboratory\": []}, \"playView\": \"hangar\", \"taskmanager\": {\"answeredQuestions\": [3, 4, 1, 2, 5, 1, 3], \"currentChapterNumber\": 3, \"currentPerformanceIndex\": 3, \"repairedObjectsThisChapter\": 0}}',4);
/*!40000 ALTER TABLE `game_state` ENABLE KEYS */;
UNLOCK TABLES;

--
-- Table structure for table `group`
--

DROP TABLE IF EXISTS `group`;
/*!40101 SET @saved_cs_client     = @@character_set_client */;
/*!50503 SET character_set_client = utf8mb4 */;
CREATE TABLE `group` (
  `id` int NOT NULL AUTO_INCREMENT,
  `name` varchar(45) DEFAULT NULL,
  `description` text,
  `curriculum_id` int DEFAULT NULL,
  PRIMARY KEY (`id`),
  UNIQUE KEY `id_UNIQUE` (`id`),
  KEY `curriculum_group_idx` (`curriculum_id`),
  CONSTRAINT `curriculum_group` FOREIGN KEY (`curriculum_id`) REFERENCES `curriculum` (`id`) ON DELETE SET NULL
) ENGINE=InnoDB AUTO_INCREMENT=3 DEFAULT CHARSET=utf8mb4 COLLATE=utf8mb4_0900_ai_ci;
/*!40101 SET character_set_client = @saved_cs_client */;

--
-- Dumping data for table `group`
--

LOCK TABLES `group` WRITE;
/*!40000 ALTER TABLE `group` DISABLE KEYS */;
INSERT INTO `group` VALUES (1,'SoSe23','Sommersemester 2023 Mobile Projektseminar UPDATED',1);
/*!40000 ALTER TABLE `group` ENABLE KEYS */;
UNLOCK TABLES;

--
-- Table structure for table `question`
--

DROP TABLE IF EXISTS `question`;
/*!40101 SET @saved_cs_client     = @@character_set_client */;
/*!50503 SET character_set_client = utf8mb4 */;
CREATE TABLE `question` (
  `id` int NOT NULL AUTO_INCREMENT,
  `question_text` text NOT NULL,
  `hint` text,
  `type` enum('CHOICE','SINGLE_INPUT','CLOZE','DRAG_DROP','SELECT_ONE','CREATE') NOT NULL,
  `difficulty` tinyint NOT NULL,
  `code_text` text,
  `chapter_id` int NOT NULL,
  PRIMARY KEY (`id`),
  UNIQUE KEY `id_UNIQUE` (`id`),
  KEY `chapter_question_idx` (`chapter_id`),
  CONSTRAINT `chapter_question` FOREIGN KEY (`chapter_id`) REFERENCES `chapter` (`id`) ON DELETE CASCADE ON UPDATE CASCADE
) ENGINE=InnoDB AUTO_INCREMENT=165 DEFAULT CHARSET=utf8mb4 COLLATE=utf8mb4_0900_ai_ci;
/*!40101 SET character_set_client = @saved_cs_client */;

--
-- Dumping data for table `question`
--

LOCK TABLES `question` WRITE;
/*!40000 ALTER TABLE `question` DISABLE KEYS */;
INSERT INTO `question` VALUES (1,'Fill in the blanks!','This is a hint','CLOZE',3,'Some code ###input|i1### and here is more ###input|i2###',1),(2,'What is php?',NULL,'CHOICE',1,NULL,1),(3,'What is php?','','CHOICE',1,'',1),(4,'What is php?','','CHOICE',1,'',1),(5,'What is php?','','CHOICE',1,'',5),(6,'What is php?','','CHOICE',1,'',6),(7,'What is php?','','CHOICE',1,'',7),(8,'What is php?','','CHOICE',1,'',8),(9,'What is php?','','CHOICE',1,'',9),(10,'What is php?','','CHOICE',1,'',10),(11,'What is php?','','CHOICE',1,'',11),(12,'What is php?','','CHOICE',1,'',12),(13,'What is php?','','CHOICE',1,'',13),(14,'What is php?','','CHOICE',1,'',14),(15,'What is php?','','CHOICE',1,'',15),(16,'What is php?','','CHOICE',1,'',16),(17,'What is php?','','CHOICE',1,'',17),(18,'What are variables?','','CHOICE',1,'',18),(19,'What is php?','','CHOICE',1,'',19),(20,'What is a variable?','','CHOICE',1,'',20),(21,'What does PHP stand for?',NULL,'CHOICE',1,NULL,21),(22,'Select all correct statements',NULL,'CHOICE',1,NULL,21),(23,'What is PHP primarily used for?',NULL,'CHOICE',1,NULL,21),(24,'Fill in the blanks',NULL,'CLOZE',3,'PHP is a \'###INPUT|ia1|10|true###\'-side language.',21),(25,'You want to create a dynamic Website for your small business. Would you use the programming language PHP?',NULL,'CHOICE',3,NULL,21),(26,'You want to create a dynamic Website for your small business. Would you only use the programming language PHP?',NULL,'CHOICE',3,NULL,21),(27,'Choose all the advantages of PHP.',NULL,'CHOICE',4,NULL,21),(28,'Choose all the disadvantages of PHP.',NULL,'CHOICE',4,NULL,21),(29,'Which of the following is the correct way to start a PHP code block?',NULL,'CHOICE',1,NULL,22),(30,'PHP supports both single-line and multi-line comments.',NULL,'CHOICE',1,NULL,22),(31,'What is the correct way to comment a single line of code in PHP?',NULL,'CHOICE',1,NULL,22),(32,'Instructions must be terminated with (,)',NULL,'CHOICE',1,NULL,22),(33,'What is the output of this code?',NULL,'CHOICE',2,'<?php \necho \'PHP\'; \n?>',22),(34,'Which of the following source codes will result in an output?',NULL,'SELECT_ONE',2,NULL,22),(35,'The following code is intended to display Hello World in the browser, but some parts are missing. Complete them.',NULL,'CLOZE',3,'<\'###INPUT|i1|5|true###\' \n\'###INPUT|i2|10|true###\' \"Hello World\"; \n?>',22),(36,'Fill the blanks',NULL,'CLOZE',3,'1. A PHP script can be embedded anywhere in HTML document. It always starts with \'###INPUT|i1|10|true###\' and ends with \'###INPUT|i2|10|true###\'. \n2. With the function echo you can display \'###INPUT|i3|10|true###\' in the browser. \n3. Comments can be written with \'###INPUT|i4|10|true###\'. \n4. Instructions must always be terminated with \'###INPUT|i5|10|true###\'.',22),(37,'The following code is intended to display Hello World in the browser, but there is an error. Identify the error.',NULL,'CHOICE',4,'<php \n //echo \"Hello World\"\n;?>',22),(38,'Arrange these Code blocks in the correct order.',NULL,'DRAG_DROP',5,NULL,22),(39,'Which of the following is a valid variable in PHP?',NULL,'SELECT_ONE',1,NULL,23),(40,'Which of the following statements about the usage of variables in PHP are correct?',NULL,'CHOICE',1,NULL,23),(41,'Which statements about the usage of variables in PHP are correct?',NULL,'CHOICE',1,NULL,23),(42,'What is the value assigned to the variable $name?',NULL,'CHOICE',2,'<php \n$name= \"Alice;\"\n$age = 30;\n$balance = 100.5;\n\n$greeting = \"Hello, \" .$name . \"!\";\n$totalBalance = $age + $balance;\n\necho $greeting . \" your balance is\" . $balance;\n?>',23),(43,'What is the value assigned to the variable $age?',NULL,'CHOICE',2,'<php \n$name= \"Alice;\"\n$age = 30;\n$balance = 100.5;\n\n$greeting = \"Hello, \" .$name . \"!\";\n$totalBalance = $age + $balance;\n\necho $greeting . \" your balance is\" . $balance;\n?>',23),(44,'What is the value assigned to the variable $balance?',NULL,'CHOICE',2,'<php \n$name= \"Alice;\"\n$age = 30;\n$balance = 100.5;\n\n$greeting = \"Hello, \" .$name . \"!\";\n$totalBalance = $age + $balance;\n\necho $greeting . \" your balance is\" . $balance;\n?>',23),(45,'What is the value of the variable $greeting after concatenation?',NULL,'CHOICE',2,'<php \n$name= \"Alice;\"\n$age = 30;\n$balance = 100.5;\n\n$greeting = \"Hello, \" .$name . \"!\";\n$totalBalance = $age + $balance;\n\necho $greeting . \" your balance is\" . $balance;\n?>',23),(46,'What is the value of the variable $totalBalance after addition?',NULL,'CHOICE',2,'<php \n$name= \"Alice;\"\n$age = 30;\n$balance = 100.5;\n\n$greeting = \"Hello, \" .$name . \"!\";\n$totalBalance = $age + $balance;\n\necho $greeting . \" your balance is\" . $balance;\n?>',23),(47,'Which of the following declarations or initializations are correct?',NULL,'CHOICE',2,NULL,23),(48,'Which of the following declarations or initializations are correct?',NULL,'CHOICE',2,NULL,23),(49,'The following code is intended to display Felix in the browser, but some parts are missing. Complete them.',NULL,'CLOZE',3,'<?php\n\'###INPUT|i1|10|true###\'name = \"Felix\";\n$nachname = \"Müller\";\necho \'###INPUT|i2|10|true###\';\n?>',23),(50,'Here\'s a report on 55-year-old Starship Captain John. However, his name and age are lost in the text. Create variables so that they are displayed again.',NULL,'CLOZE',3,'<?php\n\'###INPUT|i1|30|true###\';\n\'###INPUT|i2|30|true###\';\necho \"There once was a captain named $name .<br>\";\necho \"He was $age years old.<br>\";\necho \"He really liked the name $name .<br>\";\necho \"But he did not like being $age years old.\";\n?>',23),(51,'Declare and initialize a variable x so that the expression is correct.',NULL,'CLOZE',3,'<?php\n\'###INPUT|i1|10|true###\'\necho \"5 + \'###INPUT|i2|10|true###\'\";\n?>',23),(52,'The following code is supposed to display Hello World in the browser, but there is an error. Identify the error.',NULL,'CHOICE',4,'<?php\n§text = \"Hello World\";\necho $text;\n?>',23),(53,'Identify the error in the following PHP code',NULL,'CHOICE',4,'<?php\n$age = 25\n$name = \"John\";\necho \"My name is \" . $name . \" and I am \" . $age . \" years old.\";\n?>',23),(54,'Arrange these Code blocks in the correct order.',NULL,'DRAG_DROP',5,NULL,23),(55,'Which of the following is a data type in PHP that represents a sequence of characters or text?',NULL,'CHOICE',1,NULL,24),(56,'What is the range of values that can be stored in an integer data type in PHP?',NULL,'CHOICE',1,NULL,24),(57,'Which of the following are valid data types in PHP?',NULL,'CHOICE',1,NULL,24),(58,'What is the data type of the variable $age if it is assigned the value 25?',NULL,'CHOICE',2,NULL,24),(59,'Which data type would you use to save Peter?',NULL,'CHOICE',2,NULL,24),(60,'What is the data type of the variable $isTrue if it is assigned the value true?',NULL,'CHOICE',2,NULL,24),(61,'The following code is missing some parts. Complete them',NULL,'CLOZE',3,'<?php\n$name = \'###INPUT|i1|3|true###\'John\'###INPUT|i2|3|true###\';\n$age = 25;\n?>',24),(62,'A _______ data type in PHP is used to represent a number with a decimal point or a number in exponential form.',NULL,'SINGLE_INPUT',3,NULL,24),(63,'An _______ data type in PHP is used to represent a non-decimal number between -2,147,483,648 and 2,147,483,647.',NULL,'SINGLE_INPUT',3,NULL,24),(64,'The following code is not using the right data types. Find the mistake.',NULL,'CHOICE',4,'<?php\n$name = \"Peter\";\n$age = \"15\";\n?>',24),(65,'Find the error in the code',NULL,'CHOICE',4,'<?php\n$name = \"John\";\n$age = 25;\n$temperature = 98.6;\n$isTrue = True;\n $fruits = [\"Apple\", \"Banana\", \"Orange\"];\n$status = NULL;\n\necho \"Name: \" . $name;\necho \"Age: \" . $age;\necho \"Temperature: \" . $temperature;\necho \"Is True? \" . $isTrue;\necho \"Status: \" . $status;\n?>',24),(66,'What is the correct way to define a string variable in PHP?',NULL,'CHOICE',1,NULL,25),(67,'Which of the following is used to concatenate strings in PHP?',NULL,'CHOICE',1,NULL,25),(68,'What does the function strtoupper() do in PHP?',NULL,'CHOICE',1,NULL,25),(69,'What is the output of this code?',NULL,'SINGLE_INPUT',1,'<?php \n$name = \"John\";\necho strlen($name);',25),(70,'The output of the following code is supposed to be H, but it is missing some parts. Complete them.',NULL,'CLOZE',3,'<?php\n$text = \"Hello World!\";\necho $text\'###INPUT|i1|1|true###\'0\'###INPUT|i2|1|true###\';\n?>',25),(71,'Read the following PHP code and identify the error.',NULL,'CHOICE',4,'<?php\n$name = \'John\";\n$greeting = \"Hello, {$name}!\";\necho $greeting;\n?>',25),(72,'Fill in the blanks in the following PHP code to determine the length of a string and store the result in the variable $length.',NULL,'CLOZE',5,'<?php\n$message = \"Hello, World!\";\n$length = \'###INPUT|i1|25|true###\';\n?>',25),(73,'Which operator is used to compare if two values are equal in PHP?',NULL,'CHOICE',1,NULL,26),(74,'Which of the following are arithmetic operators in PHP?',NULL,'CHOICE',1,NULL,26),(75,'Which of the following are logical operators in PHP?',NULL,'CHOICE',1,NULL,26),(76,'What is the result of the following expression?',NULL,'SINGLE_INPUT',2,'$x = 10;\n$y = 3;\n\n$result = $x % $y;',26),(77,'What is the result of the following expression?',NULL,'SINGLE_INPUT',2,'$x = 5;\n$y = 2;\n\n$result = $x ** $y;',26),(78,'The output of the following code is supposed to be “H”, but it is missing some parts. Complete them.',NULL,'CLOZE',3,'<?php\necho 2 \'###INPUT|i1|1|true###\' 5;\n?>',26),(79,'Read the following PHP code and identify the error.',NULL,'CHOICE',4,'$x = 10;\n$y = \"5\";\n\n$result = $x + $y;\necho $result;',26),(80,'Arrange these Code blocks in the correct order. The output is supposed to be True.',NULL,'DRAG_DROP',5,NULL,26),(81,'Which of the following statements about the usage of If-Statements in PHP are correct?',NULL,'CHOICE',1,NULL,27),(82,'What is the output of this code?',NULL,'CHOICE',2,'<?php \n$price_spaceship_A=90; \n$price_spaceship_B=70; \n$price_spaceship_C=80;\nif($price_spaceship_A < $price_spaceship_B) {\necho \"We will buy Spaceship A!\";\n}\nelseif($price_spaceship_B < $price_spaceship_C){\necho \"We will buy Spaceship B!\";\n}\nelse{\necho \"We will buy Spaceship C!\";\n}\n?>',27),(83,'What is the output of this code?','schau hinter dem echo','SINGLE_INPUT',2,'<?php \n$userScore = 75;\nif ($userScore >= 90) {\necho \"A\";\n} elseif ($userScore >= 80) {\necho \"B\";\n} elseif ($userScore >= 70) {\necho \"C\";\n}elseif ($userScore >= 60) {\necho \"D\";\n} else {\necho \"F\";\n}\n?>',27),(84,'Put these snippets in the right order so that you get a meaningful if-clause.',NULL,'DRAG_DROP',3,NULL,27),(85,'The car should be bought when it is green or red. However, an operator is missing in the If statement. Add it.',NULL,'CLOZE',3,'<?php \n $car_color = \"green\"; \n if ($car_color==\"red\" \'###INPUT|i1|5|true###\' $car_color==\"green\"){ \necho \"We buy the car\";\n}\n?>',27),(86,'The following code is intended to display Hello World in the browser, but there is an error. Identify the error.',NULL,'CHOICE',4,'<?php \n$a = 5; \n$b = 1;\nif($a < $b){\necho \"Hello World\";\n}\nelseif($a > $b){\necho \"Hello Worl!\";\n} else{\necho \"Hiii\";\n}\n?>',27),(87,'Find the error in the code',NULL,'CHOICE',4,'<?php \nif($age < 18){ \n echo \"Child\";\n} else\necho \"Adult\"; \n}\n?>',27),(88,'What is an alternative to this expression: $i = $i +1; ?',NULL,'CHOICE',1,NULL,28),(89,'What is the conclusion if the termination condition of a loop is never met?',NULL,'CHOICE',1,NULL,28),(90,'Which of these codes lead to an infinite loop?',NULL,'SELECT_ONE',2,NULL,28),(91,'There are some mistakes in the following code. Can you find them?',NULL,'CHOICE',4,'<?php  \n$time = 5;\n$byteblaster = 0;\nwhile($byteblaster != 0){\nif($time == 0){\n$byteblaster = 7;\n} elseif{\n$time--;\necho $time;\n}\n}\necho \"We will defeat you!\";\n?>',28),(92,'There are some mistakes in the following code. Can you find them?',NULL,'CHOICE',4,'$x = 10;\n$sum = 0;\nwhile ($x >= 0) {\n$sum += $x;\n$x++;\n}\necho \"The sum is: \" . $sum;',28),(93,'What does PHP stand for?',NULL,'CHOICE',1,NULL,29),(94,'Select all correct statements',NULL,'CHOICE',1,NULL,29),(95,'What is PHP primarily used for?',NULL,'CHOICE',1,NULL,29),(96,'Fill in the blanks',NULL,'CLOZE',3,'PHP is a \'###INPUT|ia1|10|true###\'-side language.',29),(97,'You want to create a dynamic Website for your small business. Would you use the programming language PHP?',NULL,'CHOICE',3,NULL,29),(98,'You want to create a dynamic Website for your small business. Would you only use the programming language PHP?',NULL,'CHOICE',3,NULL,29),(99,'Choose all the advantages of PHP.',NULL,'CHOICE',4,NULL,29),(100,'Choose all the disadvantages of PHP.',NULL,'CHOICE',4,NULL,29),(101,'Which of the following is the correct way to start a PHP code block?',NULL,'CHOICE',1,NULL,30),(102,'PHP supports both single-line and multi-line comments.',NULL,'CHOICE',1,NULL,30),(103,'What is the correct way to comment a single line of code in PHP?',NULL,'CHOICE',1,NULL,30),(104,'Instructions must be terminated with (,)',NULL,'CHOICE',1,NULL,30),(105,'What is the output of this code?',NULL,'CHOICE',2,'<?php \necho \'PHP\'; \n?>',30),(106,'Which of the following source codes will result in an output?',NULL,'SELECT_ONE',2,NULL,30),(107,'The following code is intended to display Hello World in the browser, but some parts are missing. Complete them.',NULL,'CLOZE',3,'<\'###INPUT|i1|5|true###\' \n\'###INPUT|i2|10|true###\' \"Hello World\"; \n?>',30),(108,'Fill the blanks',NULL,'CLOZE',3,'1. A PHP script can be embedded anywhere in HTML document. It always starts with \'###INPUT|i1|10|true###\' and ends with \'###INPUT|i2|10|true###\'. \n2. With the function echo you can display \'###INPUT|i3|10|true###\' in the browser. \n3. Comments can be written with \'###INPUT|i4|10|true###\'. \n4. Instructions must always be terminated with \'###INPUT|i5|10|true###\'.',30),(109,'The following code is intended to display Hello World in the browser, but there is an error. Identify the error.',NULL,'CHOICE',4,'<php \n //echo \"Hello World\"\n;?>',30),(110,'Arrange these Code blocks in the correct order.',NULL,'DRAG_DROP',5,NULL,30),(111,'Which of the following is a valid variable in PHP?',NULL,'SELECT_ONE',1,NULL,31),(112,'Which of the following statements about the usage of variables in PHP are correct?',NULL,'CHOICE',1,NULL,31),(113,'Which statements about the usage of variables in PHP are correct?',NULL,'CHOICE',1,NULL,31),(114,'What is the value assigned to the variable $name?',NULL,'CHOICE',2,'<php \n$name= \"Alice;\"\n$age = 30;\n$balance = 100.5;\n\n$greeting = \"Hello, \" .$name . \"!\";\n$totalBalance = $age + $balance;\n\necho $greeting . \" your balance is\" . $balance;\n?>',31),(115,'What is the value assigned to the variable $age?',NULL,'CHOICE',2,'<php \n$name= \"Alice;\"\n$age = 30;\n$balance = 100.5;\n\n$greeting = \"Hello, \" .$name . \"!\";\n$totalBalance = $age + $balance;\n\necho $greeting . \" your balance is\" . $balance;\n?>',31),(116,'What is the value assigned to the variable $balance?',NULL,'CHOICE',2,'<php \n$name= \"Alice;\"\n$age = 30;\n$balance = 100.5;\n\n$greeting = \"Hello, \" .$name . \"!\";\n$totalBalance = $age + $balance;\n\necho $greeting . \" your balance is\" . $balance;\n?>',31),(117,'What is the value of the variable $greeting after concatenation?',NULL,'CHOICE',2,'<php \n$name= \"Alice;\"\n$age = 30;\n$balance = 100.5;\n\n$greeting = \"Hello, \" .$name . \"!\";\n$totalBalance = $age + $balance;\n\necho $greeting . \" your balance is\" . $balance;\n?>',31),(118,'What is the value of the variable $totalBalance after addition?',NULL,'CHOICE',2,'<php \n$name= \"Alice;\"\n$age = 30;\n$balance = 100.5;\n\n$greeting = \"Hello, \" .$name . \"!\";\n$totalBalance = $age + $balance;\n\necho $greeting . \" your balance is\" . $balance;\n?>',31),(119,'Which of the following declarations or initializations are correct?',NULL,'CHOICE',2,NULL,31),(120,'Which of the following declarations or initializations are correct?',NULL,'CHOICE',2,NULL,31),(121,'The following code is intended to display Felix in the browser, but some parts are missing. Complete them.',NULL,'CLOZE',3,'<?php\n\'###INPUT|i1|10|true###\'name = \"Felix\";\n$nachname = \"Müller\";\necho \'###INPUT|i2|10|true###\';\n?>',31),(122,'Here\'s a report on 55-year-old Starship Captain John. However, his name and age are lost in the text. Create variables so that they are displayed again.',NULL,'CLOZE',3,'<?php\n\'###INPUT|i1|30|true###\';\n\'###INPUT|i2|30|true###\';\necho \"There once was a captain named $name .<br>\";\necho \"He was $age years old.<br>\";\necho \"He really liked the name $name .<br>\";\necho \"But he did not like being $age years old.\";\n?>',31),(123,'Declare and initialize a variable x so that the expression is correct.',NULL,'CLOZE',3,'<?php\n\'###INPUT|i1|10|true###\'\necho \"5 + \'###INPUT|i2|10|true###\'\";\n?>',31),(124,'The following code is supposed to display Hello World in the browser, but there is an error. Identify the error.',NULL,'CHOICE',4,'<?php\n§text = \"Hello World\";\necho $text;\n?>',31),(125,'Identify the error in the following PHP code',NULL,'CHOICE',4,'<?php\n$age = 25\n$name = \"John\";\necho \"My name is \" . $name . \" and I am \" . $age . \" years old.\";\n?>',31),(126,'Arrange these Code blocks in the correct order.',NULL,'DRAG_DROP',5,NULL,31),(127,'Which of the following is a data type in PHP that represents a sequence of characters or text?',NULL,'CHOICE',1,NULL,32),(128,'What is the range of values that can be stored in an integer data type in PHP?',NULL,'CHOICE',1,NULL,32),(129,'Which of the following are valid data types in PHP?',NULL,'CHOICE',1,NULL,32),(130,'What is the data type of the variable $age if it is assigned the value 25?',NULL,'CHOICE',2,NULL,32),(131,'Which data type would you use to save Peter?',NULL,'CHOICE',2,NULL,32),(132,'What is the data type of the variable $isTrue if it is assigned the value true?',NULL,'CHOICE',2,NULL,32),(133,'The following code is missing some parts. Complete them',NULL,'CLOZE',3,'<?php\n$name = \'###INPUT|i1|3|true###\'John\'###INPUT|i2|3|true###\';\n$age = 25;\n?>',32),(134,'A _______ data type in PHP is used to represent a number with a decimal point or a number in exponential form.',NULL,'SINGLE_INPUT',3,NULL,32),(135,'An _______ data type in PHP is used to represent a non-decimal number between -2,147,483,648 and 2,147,483,647.',NULL,'SINGLE_INPUT',3,NULL,32),(136,'The following code is not using the right data types. Find the mistake.',NULL,'CHOICE',4,'<?php\n$name = \"Peter\";\n$age = \"15\";\n?>',32),(137,'Find the error in the code',NULL,'CHOICE',4,'<?php\n$name = \"John\";\n$age = 25;\n$temperature = 98.6;\n$isTrue = True;\n $fruits = [\"Apple\", \"Banana\", \"Orange\"];\n$status = NULL;\n\necho \"Name: \" . $name;\necho \"Age: \" . $age;\necho \"Temperature: \" . $temperature;\necho \"Is True? \" . $isTrue;\necho \"Status: \" . $status;\n?>',32),(138,'What is the correct way to define a string variable in PHP?',NULL,'CHOICE',1,NULL,33),(139,'Which of the following is used to concatenate strings in PHP?',NULL,'CHOICE',1,NULL,33),(140,'What does the function strtoupper() do in PHP?',NULL,'CHOICE',1,NULL,33),(141,'What is the output of this code?',NULL,'SINGLE_INPUT',1,'<?php \n$name = \"John\";\necho strlen($name);',33),(142,'The output of the following code is supposed to be H, but it is missing some parts. Complete them.',NULL,'CLOZE',3,'<?php\n$text = \"Hello World!\";\necho $text\'###INPUT|i1|1|true###\'0\'###INPUT|i2|1|true###\';\n?>',33),(143,'Read the following PHP code and identify the error.',NULL,'CHOICE',4,'<?php\n$name = \'John\";\n$greeting = \"Hello, {$name}!\";\necho $greeting;\n?>',33),(144,'Fill in the blanks in the following PHP code to determine the length of a string and store the result in the variable $length.',NULL,'CLOZE',5,'<?php\n$message = \"Hello, World!\";\n$length = \'###INPUT|i1|25|true###\';\n?>',33),(145,'Which operator is used to compare if two values are equal in PHP?',NULL,'CHOICE',1,NULL,34),(146,'Which of the following are arithmetic operators in PHP?',NULL,'CHOICE',1,NULL,34),(147,'Which of the following are logical operators in PHP?',NULL,'CHOICE',1,NULL,34),(148,'What is the result of the following expression?',NULL,'SINGLE_INPUT',2,'$x = 10;\n$y = 3;\n\n$result = $x % $y;',34),(149,'What is the result of the following expression?',NULL,'SINGLE_INPUT',2,'$x = 5;\n$y = 2;\n\n$result = $x ** $y;',34),(150,'The output of the following code is supposed to be “H”, but it is missing some parts. Complete them.',NULL,'CLOZE',3,'<?php\necho 2 \'###INPUT|i1|1|true###\' 5;\n?>',34),(151,'Read the following PHP code and identify the error.',NULL,'CHOICE',4,'$x = 10;\n$y = \"5\";\n\n$result = $x + $y;\necho $result;',34),(152,'Arrange these Code blocks in the correct order. The output is supposed to be True.',NULL,'DRAG_DROP',5,NULL,34),(153,'Which of the following statements about the usage of If-Statements in PHP are correct?',NULL,'CHOICE',1,NULL,35),(154,'What is the output of this code?',NULL,'CHOICE',2,'<?php \n$price_spaceship_A=90; \n$price_spaceship_B=70; \n$price_spaceship_C=80;\nif($price_spaceship_A < $price_spaceship_B) {\necho \"We will buy Spaceship A!\";\n}\nelseif($price_spaceship_B < $price_spaceship_C){\necho \"We will buy Spaceship B!\";\n}\nelse{\necho \"We will buy Spaceship C!\";\n}\n?>',35),(155,'What is the output of this code?','schau hinter dem echo','SINGLE_INPUT',2,'<?php \n$userScore = 75;\nif ($userScore >= 90) {\necho \"A\";\n} elseif ($userScore >= 80) {\necho \"B\";\n} elseif ($userScore >= 70) {\necho \"C\";\n}elseif ($userScore >= 60) {\necho \"D\";\n} else {\necho \"F\";\n}\n?>',35),(156,'Put these snippets in the right order so that you get a meaningful if-clause.',NULL,'DRAG_DROP',3,NULL,35),(157,'The car should be bought when it is green or red. However, an operator is missing in the If statement. Add it.',NULL,'CLOZE',3,'<?php \n $car_color = \"green\"; \n if ($car_color==\"red\" \'###INPUT|i1|5|true###\' $car_color==\"green\"){ \necho \"We buy the car\";\n}\n?>',35),(158,'The following code is intended to display Hello World in the browser, but there is an error. Identify the error.',NULL,'CHOICE',4,'<?php \n$a = 5; \n$b = 1;\nif($a < $b){\necho \"Hello World\";\n}\nelseif($a > $b){\necho \"Hello Worl!\";\n} else{\necho \"Hiii\";\n}\n?>',35),(159,'Find the error in the code',NULL,'CHOICE',4,'<?php \nif($age < 18){ \n echo \"Child\";\n} else\necho \"Adult\"; \n}\n?>',35),(160,'What is an alternative to this expression: $i = $i +1; ?',NULL,'CHOICE',1,NULL,36),(161,'What is the conclusion if the termination condition of a loop is never met?',NULL,'CHOICE',1,NULL,36),(162,'Which of these codes lead to an infinite loop?',NULL,'SELECT_ONE',2,NULL,36),(163,'There are some mistakes in the following code. Can you find them?',NULL,'CHOICE',4,'<?php  \n$time = 5;\n$byteblaster = 0;\nwhile($byteblaster != 0){\nif($time == 0){\n$byteblaster = 7;\n} elseif{\n$time--;\necho $time;\n}\n}\necho \"We will defeat you!\";\n?>',36),(164,'There are some mistakes in the following code. Can you find them?',NULL,'CHOICE',4,'$x = 10;\n$sum = 0;\nwhile ($x >= 0) {\n$sum += $x;\n$x++;\n}\necho \"The sum is: \" . $sum;',36);
/*!40000 ALTER TABLE `question` ENABLE KEYS */;
UNLOCK TABLES;

--
-- Table structure for table `question_element`
--

DROP TABLE IF EXISTS `question_element`;
/*!40101 SET @saved_cs_client     = @@character_set_client */;
/*!50503 SET character_set_client = utf8mb4 */;
CREATE TABLE `question_element` (
  `id` int NOT NULL AUTO_INCREMENT,
  `content` text,
  `element_identifier` varchar(45) DEFAULT NULL,
  `correct_order_position` int DEFAULT NULL,
  `is_correct` tinyint DEFAULT NULL,
  `question_id` int NOT NULL,
  PRIMARY KEY (`id`),
  UNIQUE KEY `id_UNIQUE` (`id`),
  KEY `question_question_element_idx` (`question_id`),
  CONSTRAINT `question_question_element` FOREIGN KEY (`question_id`) REFERENCES `question` (`id`) ON DELETE CASCADE ON UPDATE CASCADE
) ENGINE=InnoDB AUTO_INCREMENT=494 DEFAULT CHARSET=utf8mb4 COLLATE=utf8mb4_0900_ai_ci;
/*!40101 SET character_set_client = @saved_cs_client */;

--
-- Dumping data for table `question_element`
--

LOCK TABLES `question_element` WRITE;
/*!40000 ALTER TABLE `question_element` DISABLE KEYS */;
INSERT INTO `question_element` VALUES (1,NULL,'i1',NULL,NULL,1),(2,NULL,'i2',NULL,NULL,1),(3,'Eine scripting sprache',NULL,NULL,1,2),(4,'Eine Machinensprache',NULL,NULL,0,2),(5,'Etwas zum essen',NULL,NULL,0,2),(6,'A scripting language?','string',1,1,17),(7,'A scripting language?','string',1,1,18),(8,'A scripting language?','string',1,1,19),(9,'Something to store data','string',1,0,19),(10,'A scripting language?','string',1,1,20),(11,'Something to store data','string',1,0,20),(12,'Hyperspace Planet Protector',NULL,NULL,0,21),(13,'Hypertext Preprocessor',NULL,NULL,1,21),(14,'Programming Hypertext Pages',NULL,NULL,0,21),(15,'PHP is a server-side scripting language.',NULL,NULL,1,22),(16,'PHP can be embedded in HTML.',NULL,NULL,1,22),(17,'PHP can be embedded in CSS.',NULL,NULL,0,22),(18,'PHP is used to implement databases.',NULL,NULL,0,22),(19,'Artificial Intelligence',NULL,NULL,0,23),(20,'Video game developement',NULL,NULL,0,23),(21,'Web developement',NULL,NULL,1,23),(22,'Data analysis',NULL,NULL,0,23),(23,NULL,'ia1',NULL,NULL,24),(24,'Yes',NULL,NULL,1,25),(25,'No',NULL,NULL,0,25),(26,'Yes',NULL,NULL,0,26),(27,'No',NULL,NULL,1,26),(28,'easy to learn',NULL,NULL,1,27),(29,'widely used',NULL,NULL,1,27),(30,'inconsistent syntax',NULL,NULL,0,27),(31,'weakly typed language',NULL,NULL,0,27),(32,'new and innovative language',NULL,NULL,0,27),(33,'easy to learn',NULL,NULL,0,28),(34,'widely used',NULL,NULL,0,28),(35,'inconsistent syntax',NULL,NULL,1,28),(36,'weakly typed language',NULL,NULL,1,28),(37,'new and innovative language',NULL,NULL,0,28),(38,'<?php',NULL,NULL,1,29),(39,'<php>',NULL,NULL,0,29),(40,'{php}',NULL,NULL,0,29),(41,'[php',NULL,NULL,0,29),(42,'Yes',NULL,NULL,1,30),(43,'No',NULL,NULL,0,30),(44,'<!-- This is a comment -->',NULL,NULL,0,31),(45,'// This is a comment',NULL,NULL,1,31),(46,'/* This is a comment */',NULL,NULL,0,31),(47,'# This is a comment',NULL,NULL,0,31),(48,'Yes',NULL,NULL,0,32),(49,'No',NULL,NULL,1,32),(50,'Python',NULL,NULL,0,33),(51,'PHP',NULL,NULL,1,33),(52,'None',NULL,NULL,0,33),(53,'<?php \necho Hello World;\n?>',NULL,NULL,0,34),(54,'<?php \necho \'Hello World\';\n?>',NULL,NULL,1,34),(55,'<?php \necho (\'Hello World\')\n?>',NULL,NULL,0,34),(56,NULL,'i1',NULL,NULL,35),(57,NULL,'i2',NULL,NULL,35),(58,NULL,'i1',NULL,NULL,36),(59,NULL,'i2',NULL,NULL,36),(60,NULL,'i3',NULL,NULL,36),(61,NULL,'i4',NULL,NULL,36),(62,NULL,'i5',NULL,NULL,36),(63,'Missing opening <?php tag.',NULL,NULL,1,37),(64,'<Missing semicolon ; after the echo statement.>',NULL,NULL,0,37),(65,'<Output is marked as comment>',NULL,NULL,1,37),(66,'<Missing closing ?> tag.>',NULL,NULL,0,37),(67,'echo',NULL,2,NULL,38),(68,';',NULL,4,NULL,38),(69,'?>',NULL,5,NULL,38),(70,'<?php',NULL,1,NULL,38),(71,'\"Hello World\"',NULL,3,NULL,38),(72,'$2name',NULL,NULL,0,39),(73,'$_name',NULL,NULL,1,39),(74,'%name',NULL,NULL,0,39),(75,'#name',NULL,NULL,0,39),(76,'Variables must be declared before use.',NULL,NULL,1,40),(77,'Variables can change their data type during runtime.',NULL,NULL,1,40),(78,'Variables can be used in calculations and expressions.',NULL,NULL,1,40),(79,'The name of a variable must start with an &.',NULL,NULL,0,40),(80,'Variables enable the storage and manipulation of data.',NULL,NULL,1,41),(81,'Variables are used for declaring functions.',NULL,NULL,0,41),(82,'Variables can be used in conditions and loops.',NULL,NULL,1,41),(83,'Variables are optional in PHP and do not need to be used.',NULL,NULL,0,41),(84,'30',NULL,NULL,0,42),(85,'Alice',NULL,NULL,1,42),(86,'100.50',NULL,NULL,0,42),(87,'Alice',NULL,NULL,0,43),(88,'30',NULL,NULL,1,43),(89,'100.50',NULL,NULL,0,43),(90,'Alice',NULL,NULL,0,44),(91,'30',NULL,NULL,0,44),(92,'100.50',NULL,NULL,1,44),(93,'Hello, ',NULL,NULL,0,45),(94,'Alice',NULL,NULL,0,45),(95,'Hello, Alice!',NULL,NULL,1,45),(96,'Hello, Alice',NULL,NULL,0,46),(97,'30',NULL,NULL,0,46),(98,'130.50',NULL,NULL,1,46),(99,'int name = 5;',NULL,NULL,0,47),(100,'$name=Peter;',NULL,NULL,0,47),(101,'$a = 1; $b = 2;',NULL,NULL,1,47),(102,'$a = $b = $c = 1;',NULL,NULL,1,47),(103,'$a = 1, $b = 2;',NULL,NULL,1,47),(104,'$name = “5+Peter”;',NULL,NULL,1,48),(105,'$shipClass == \"Galactic Cruiser\";',NULL,NULL,0,48),(106,'$shipName = \"Starfire\";',NULL,NULL,1,48),(107,'shipClass = \'Galactic Cruiser\';',NULL,NULL,0,48),(108,'$shieldStrength = High;',NULL,NULL,0,48),(109,NULL,'i1',NULL,NULL,49),(110,NULL,'i2',NULL,NULL,49),(111,NULL,'i1',NULL,NULL,50),(112,NULL,'i2',NULL,NULL,50),(113,NULL,'i1',NULL,NULL,51),(114,NULL,'i2',NULL,NULL,51),(115,'Missing semicolon ; after the assignment statement for the variable $text',NULL,NULL,0,52),(116,'Missing closing ?> tag.',NULL,NULL,0,52),(117,'Variable text has to start with a dollar sign $',NULL,NULL,1,52),(118,'No error in the code',NULL,NULL,0,52),(119,'Missing semicolon ; after the assignment statement for the variable $age',NULL,NULL,1,53),(120,'Missing semicolon ; after the assignment statement for the variable $name',NULL,NULL,0,53),(121,'Missing dollar sign $ before the variable name in the echo statement',NULL,NULL,0,53),(122,'No error in the code',NULL,NULL,0,53),(123,'?>',NULL,7,NULL,54),(124,'echo $name',NULL,5,NULL,54),(125,'<?php',NULL,1,NULL,54),(126,'\"Peter\"',NULL,4,NULL,54),(127,'=',NULL,3,NULL,54),(128,'?name',NULL,2,NULL,54),(129,';',NULL,6,NULL,54),(130,'Integer',NULL,NULL,0,55),(131,'String',NULL,NULL,1,55),(132,'Float',NULL,NULL,0,55),(133,'Boolean',NULL,NULL,0,55),(134,'-2,147,483,648 to 2,147,483,647',NULL,NULL,1,56),(135,'-999 to 999',NULL,NULL,0,56),(136,'0 to 100',NULL,NULL,0,56),(137,'1 to 10',NULL,NULL,0,56),(138,'String',NULL,NULL,1,57),(139,'Float',NULL,NULL,1,57),(140,'Boolean',NULL,NULL,1,57),(141,'Array',NULL,NULL,1,57),(142,'Function',NULL,NULL,0,57),(143,'Integer',NULL,NULL,1,58),(144,'String',NULL,NULL,0,58),(145,'Boolean',NULL,NULL,0,58),(146,'Float',NULL,NULL,0,58),(147,'Integer',NULL,NULL,0,59),(148,'Boolean',NULL,NULL,0,59),(149,'String',NULL,NULL,1,59),(150,'Array',NULL,NULL,0,59),(151,'Integer',NULL,NULL,0,60),(152,'String',NULL,NULL,0,60),(153,'Boolean',NULL,NULL,1,60),(154,'Float',NULL,NULL,0,60),(155,NULL,'i1',NULL,NULL,61),(156,NULL,'i2',NULL,NULL,61),(157,NULL,'i1',NULL,NULL,62),(158,NULL,'i1',NULL,NULL,63),(159,'Variable $age is a String-value but should be an Integer',NULL,NULL,1,64),(160,'There is no mistake',NULL,NULL,0,64),(161,'Variable $name is a String but should be an Integer',NULL,NULL,0,64),(162,'Variable $age is an float-Value but should be an Integer',NULL,NULL,0,64),(163,'Missing semicolon ; after the assignment statement for the variable $status',NULL,NULL,0,65),(164,'Missing quotation marks \"\" around the value assigned to the variable $name',NULL,NULL,0,65),(165,'Missing dollar sign $ before the variable name in the echo statement for the variable $age',NULL,NULL,0,65),(166,'No error in the code.',NULL,NULL,1,65),(167,'$name = \'John Doe\';',NULL,NULL,1,66),(168,'$name = \"John Doe\";',NULL,NULL,1,66),(169,'$name = John Doe;',NULL,NULL,0,66),(170,'$name = John Doe;',NULL,NULL,0,66),(171,'.',NULL,NULL,1,67),(172,'+',NULL,NULL,0,67),(173,',',NULL,NULL,0,67),(174,':',NULL,NULL,0,67),(175,'Converts a string to lowercase',NULL,NULL,0,68),(176,'Converts a string to uppercase',NULL,NULL,1,68),(177,'Removes white spaces from a string',NULL,NULL,0,68),(178,'Reverses the order of characters in a string',NULL,NULL,0,68),(179,NULL,'i1',NULL,NULL,69),(180,NULL,'i1',NULL,NULL,70),(181,NULL,'i2',NULL,NULL,70),(182,'Missing semicolon (;) at the end of the second line.',NULL,NULL,0,71),(183,'Incorrect use of single quotes (\' \') for defining the string.',NULL,NULL,1,71),(184,'Missing dollar sign ($) before the variable name in the second line.',NULL,NULL,0,71),(185,' Incorrect concatenation operator used in the third line.',NULL,NULL,0,71),(186,NULL,'i1',NULL,NULL,72),(187,'==',NULL,NULL,1,73),(188,'=',NULL,NULL,0,73),(189,'===',NULL,NULL,0,73),(190,'!=',NULL,NULL,0,73),(191,'&&',NULL,NULL,0,74),(192,'||',NULL,NULL,0,74),(193,'!',NULL,NULL,0,74),(194,'+',NULL,NULL,1,74),(195,'-',NULL,NULL,1,74),(196,'&&',NULL,NULL,1,75),(197,'||',NULL,NULL,1,75),(198,'!',NULL,NULL,0,75),(199,'+',NULL,NULL,0,75),(200,'-',NULL,NULL,0,75),(201,NULL,'i1',NULL,NULL,76),(202,NULL,'i1',NULL,NULL,77),(203,NULL,'i1',NULL,NULL,78),(204,'Missing semicolon (;) at the end of the second line.',NULL,NULL,0,79),(205,'Incorrect use of the addition operator (+) for concatenation.',NULL,NULL,0,79),(206,'Incorrect use of double quotes (\" \") for defining a string.',NULL,NULL,0,79),(207,'Incorrect assignment of a string value to an integer variable.',NULL,NULL,1,79),(208,'?>',NULL,6,NULL,80),(209,'$name1 = “John”;',NULL,1,NULL,80),(210,'echo $name1 == $name2;',NULL,5,NULL,80),(211,'$name2 = “Peter”;',NULL,3,NULL,80),(212,'<?php',NULL,1,NULL,80),(213,'$name1 = $name2;',NULL,4,NULL,80),(214,'With the help of if-clauses you can consider only one precondition',NULL,NULL,1,81),(215,'Apart from the expression if, there are also elseif and else as possible expressions.',NULL,NULL,1,81),(216,'The precondition must correspond to the data type of a string',NULL,NULL,0,81),(217,'We will buy Spaceship A!',NULL,NULL,0,82),(218,'We will buy Spaceship B!',NULL,NULL,1,82),(219,'We will buy Spaceship C!',NULL,NULL,0,82),(220,NULL,'i1',NULL,NULL,83),(221,'if',NULL,1,NULL,84),(222,'else',NULL,4,NULL,84),(223,'{echo \"You are young!\";}',NULL,5,NULL,84),(224,'{echo \"you are old!\";}',NULL,3,NULL,84),(225,'($age>60)',NULL,2,NULL,84),(226,NULL,'i1',NULL,NULL,85),(227,'Condition in if should be ($a > $b)',NULL,NULL,1,86),(228,'else needs a condition',NULL,NULL,0,86),(229,'$a in not initialized',NULL,NULL,0,86),(230,'there is no error',NULL,NULL,0,86),(231,'the else-Clause is missing its closing bracket',NULL,NULL,0,87),(232,'$age is not initialized and the else-Clause is missing the opening bracket',NULL,NULL,1,87),(233,'Semantic error: children are older than 18',NULL,NULL,0,87),(234,'i++;',NULL,NULL,0,88),(235,'$i++',NULL,NULL,0,88),(236,'§i++;',NULL,NULL,0,88),(237,'$i++;',NULL,NULL,1,88),(238,'The program is automatically terminated by PHP after a certain number of repetitions',NULL,NULL,0,89),(239,'The code written so far is automatically deleted',NULL,NULL,0,89),(240,'An infinite loop occurs',NULL,NULL,1,89),(241,'A runtime error occurs',NULL,NULL,0,89),(242,'$countdown = 10;\n while ($countdown >= 0) {\necho \"Countdown: \" . $countdown . \"<br>\";\n$countdown--;\n}\necho \"Spaceship launch!\";',NULL,NULL,0,90),(243,'$planetCounter = 14;\nwhile ($planetCounter >= 8) {\necho \"Explore planet \" . $planetCounter . \"<br>\";\n$planetCounter++;\n}\necho \"Solar system exploration completed!\";',NULL,NULL,1,90),(244,'$year = 2023;\n$futureYear = 2050;\nwhile ($year <= $futureYear) {\necho \"Welcome to the year \" . $year . \"!<br>\";\n$year++;\n}\necho \"You have reached the future!\";',NULL,NULL,0,90),(245,'there are no errors',NULL,NULL,0,91),(246,'the elseif-Clause needs a condition',NULL,NULL,0,91),(247,'the elseif-Clause is wrong and should be else',NULL,NULL,0,91),(248,'the elseif-Clause is wrong and should be else and the while condition should be ($byteblaster == 0)',NULL,NULL,1,91),(249,'The condition in the while loop is incorrect.',NULL,NULL,1,92),(250,'The variable $x is not initialized.',NULL,NULL,0,92),(251,'The variable $sum is not incremented correctly.',NULL,NULL,0,92),(252,'There is an infinite loop.',NULL,NULL,1,92),(253,'Hyperspace Planet Protector',NULL,NULL,0,93),(254,'Hypertext Preprocessor',NULL,NULL,1,93),(255,'Programming Hypertext Pages',NULL,NULL,0,93),(256,'PHP is a server-side scripting language.',NULL,NULL,1,94),(257,'PHP can be embedded in HTML.',NULL,NULL,1,94),(258,'PHP can be embedded in CSS.',NULL,NULL,0,94),(259,'PHP is used to implement databases.',NULL,NULL,0,94),(260,'Artificial Intelligence',NULL,NULL,0,95),(261,'Video game developement',NULL,NULL,0,95),(262,'Web developement',NULL,NULL,1,95),(263,'Data analysis',NULL,NULL,0,95),(264,NULL,'ia1',NULL,NULL,96),(265,'Yes',NULL,NULL,1,97),(266,'No',NULL,NULL,0,97),(267,'Yes',NULL,NULL,0,98),(268,'No',NULL,NULL,1,98),(269,'easy to learn',NULL,NULL,1,99),(270,'widely used',NULL,NULL,1,99),(271,'inconsistent syntax',NULL,NULL,0,99),(272,'weakly typed language',NULL,NULL,0,99),(273,'new and innovative language',NULL,NULL,0,99),(274,'easy to learn',NULL,NULL,0,100),(275,'widely used',NULL,NULL,0,100),(276,'inconsistent syntax',NULL,NULL,1,100),(277,'weakly typed language',NULL,NULL,1,100),(278,'new and innovative language',NULL,NULL,0,100),(279,'<?php',NULL,NULL,1,101),(280,'<php>',NULL,NULL,0,101),(281,'{php}',NULL,NULL,0,101),(282,'[php',NULL,NULL,0,101),(283,'Yes',NULL,NULL,1,102),(284,'No',NULL,NULL,0,102),(285,'<!-- This is a comment -->',NULL,NULL,0,103),(286,'// This is a comment',NULL,NULL,1,103),(287,'/* This is a comment */',NULL,NULL,0,103),(288,'# This is a comment',NULL,NULL,0,103),(289,'Yes',NULL,NULL,0,104),(290,'No',NULL,NULL,1,104),(291,'Python',NULL,NULL,0,105),(292,'PHP',NULL,NULL,1,105),(293,'None',NULL,NULL,0,105),(294,'<?php \necho Hello World;\n?>',NULL,NULL,0,106),(295,'<?php \necho \'Hello World\';\n?>',NULL,NULL,1,106),(296,'<?php \necho (\'Hello World\')\n?>',NULL,NULL,0,106),(297,NULL,'i1',NULL,NULL,107),(298,NULL,'i2',NULL,NULL,107),(299,NULL,'i1',NULL,NULL,108),(300,NULL,'i2',NULL,NULL,108),(301,NULL,'i3',NULL,NULL,108),(302,NULL,'i4',NULL,NULL,108),(303,NULL,'i5',NULL,NULL,108),(304,'Missing opening <?php tag.',NULL,NULL,1,109),(305,'<Missing semicolon ; after the echo statement.>',NULL,NULL,0,109),(306,'<Output is marked as comment>',NULL,NULL,1,109),(307,'<Missing closing ?> tag.>',NULL,NULL,0,109),(308,'echo',NULL,2,NULL,110),(309,';',NULL,4,NULL,110),(310,'?>',NULL,5,NULL,110),(311,'<?php',NULL,1,NULL,110),(312,'\"Hello World\"',NULL,3,NULL,110),(313,'$2name',NULL,NULL,0,111),(314,'$_name',NULL,NULL,1,111),(315,'%name',NULL,NULL,0,111),(316,'#name',NULL,NULL,0,111),(317,'Variables must be declared before use.',NULL,NULL,1,112),(318,'Variables can change their data type during runtime.',NULL,NULL,1,112),(319,'Variables can be used in calculations and expressions.',NULL,NULL,1,112),(320,'The name of a variable must start with an &.',NULL,NULL,0,112),(321,'Variables enable the storage and manipulation of data.',NULL,NULL,1,113),(322,'Variables are used for declaring functions.',NULL,NULL,0,113),(323,'Variables can be used in conditions and loops.',NULL,NULL,1,113),(324,'Variables are optional in PHP and do not need to be used.',NULL,NULL,0,113),(325,'30',NULL,NULL,0,114),(326,'Alice',NULL,NULL,1,114),(327,'100.50',NULL,NULL,0,114),(328,'Alice',NULL,NULL,0,115),(329,'30',NULL,NULL,1,115),(330,'100.50',NULL,NULL,0,115),(331,'Alice',NULL,NULL,0,116),(332,'30',NULL,NULL,0,116),(333,'100.50',NULL,NULL,1,116),(334,'Hello, ',NULL,NULL,0,117),(335,'Alice',NULL,NULL,0,117),(336,'Hello, Alice!',NULL,NULL,1,117),(337,'Hello, Alice',NULL,NULL,0,118),(338,'30',NULL,NULL,0,118),(339,'130.50',NULL,NULL,1,118),(340,'int name = 5;',NULL,NULL,0,119),(341,'$name=Peter;',NULL,NULL,0,119),(342,'$a = 1; $b = 2;',NULL,NULL,1,119),(343,'$a = $b = $c = 1;',NULL,NULL,1,119),(344,'$a = 1, $b = 2;',NULL,NULL,1,119),(345,'$name = “5+Peter”;',NULL,NULL,1,120),(346,'$shipClass == \"Galactic Cruiser\";',NULL,NULL,0,120),(347,'$shipName = \"Starfire\";',NULL,NULL,1,120),(348,'shipClass = \'Galactic Cruiser\';',NULL,NULL,0,120),(349,'$shieldStrength = High;',NULL,NULL,0,120),(350,NULL,'i1',NULL,NULL,121),(351,NULL,'i2',NULL,NULL,121),(352,NULL,'i1',NULL,NULL,122),(353,NULL,'i2',NULL,NULL,122),(354,NULL,'i1',NULL,NULL,123),(355,NULL,'i2',NULL,NULL,123),(356,'Missing semicolon ; after the assignment statement for the variable $text',NULL,NULL,0,124),(357,'Missing closing ?> tag.',NULL,NULL,0,124),(358,'Variable text has to start with a dollar sign $',NULL,NULL,1,124),(359,'No error in the code',NULL,NULL,0,124),(360,'Missing semicolon ; after the assignment statement for the variable $age',NULL,NULL,1,125),(361,'Missing semicolon ; after the assignment statement for the variable $name',NULL,NULL,0,125),(362,'Missing dollar sign $ before the variable name in the echo statement',NULL,NULL,0,125),(363,'No error in the code',NULL,NULL,0,125),(364,'?>',NULL,7,NULL,126),(365,'echo $name',NULL,5,NULL,126),(366,'<?php',NULL,1,NULL,126),(367,'\"Peter\"',NULL,4,NULL,126),(368,'=',NULL,3,NULL,126),(369,'?name',NULL,2,NULL,126),(370,';',NULL,6,NULL,126),(371,'Integer',NULL,NULL,0,127),(372,'String',NULL,NULL,1,127),(373,'Float',NULL,NULL,0,127),(374,'Boolean',NULL,NULL,0,127),(375,'-2,147,483,648 to 2,147,483,647',NULL,NULL,1,128),(376,'-999 to 999',NULL,NULL,0,128),(377,'0 to 100',NULL,NULL,0,128),(378,'1 to 10',NULL,NULL,0,128),(379,'String',NULL,NULL,1,129),(380,'Float',NULL,NULL,1,129),(381,'Boolean',NULL,NULL,1,129),(382,'Array',NULL,NULL,1,129),(383,'Function',NULL,NULL,0,129),(384,'Integer',NULL,NULL,1,130),(385,'String',NULL,NULL,0,130),(386,'Boolean',NULL,NULL,0,130),(387,'Float',NULL,NULL,0,130),(388,'Integer',NULL,NULL,0,131),(389,'Boolean',NULL,NULL,0,131),(390,'String',NULL,NULL,1,131),(391,'Array',NULL,NULL,0,131),(392,'Integer',NULL,NULL,0,132),(393,'String',NULL,NULL,0,132),(394,'Boolean',NULL,NULL,1,132),(395,'Float',NULL,NULL,0,132),(396,NULL,'i1',NULL,NULL,133),(397,NULL,'i2',NULL,NULL,133),(398,NULL,'i1',NULL,NULL,134),(399,NULL,'i1',NULL,NULL,135),(400,'Variable $age is a String-value but should be an Integer',NULL,NULL,1,136),(401,'There is no mistake',NULL,NULL,0,136),(402,'Variable $name is a String but should be an Integer',NULL,NULL,0,136),(403,'Variable $age is an float-Value but should be an Integer',NULL,NULL,0,136),(404,'Missing semicolon ; after the assignment statement for the variable $status',NULL,NULL,0,137),(405,'Missing quotation marks \"\" around the value assigned to the variable $name',NULL,NULL,0,137),(406,'Missing dollar sign $ before the variable name in the echo statement for the variable $age',NULL,NULL,0,137),(407,'No error in the code.',NULL,NULL,1,137),(408,'$name = \'John Doe\';',NULL,NULL,1,138),(409,'$name = \"John Doe\";',NULL,NULL,1,138),(410,'$name = John Doe;',NULL,NULL,0,138),(411,'$name = John Doe;',NULL,NULL,0,138),(412,'.',NULL,NULL,1,139),(413,'+',NULL,NULL,0,139),(414,',',NULL,NULL,0,139),(415,':',NULL,NULL,0,139),(416,'Converts a string to lowercase',NULL,NULL,0,140),(417,'Converts a string to uppercase',NULL,NULL,1,140),(418,'Removes white spaces from a string',NULL,NULL,0,140),(419,'Reverses the order of characters in a string',NULL,NULL,0,140),(420,NULL,'i1',NULL,NULL,141),(421,NULL,'i1',NULL,NULL,142),(422,NULL,'i2',NULL,NULL,142),(423,'Missing semicolon (;) at the end of the second line.',NULL,NULL,0,143),(424,'Incorrect use of single quotes (\' \') for defining the string.',NULL,NULL,1,143),(425,'Missing dollar sign ($) before the variable name in the second line.',NULL,NULL,0,143),(426,' Incorrect concatenation operator used in the third line.',NULL,NULL,0,143),(427,NULL,'i1',NULL,NULL,144),(428,'==',NULL,NULL,1,145),(429,'=',NULL,NULL,0,145),(430,'===',NULL,NULL,0,145),(431,'!=',NULL,NULL,0,145),(432,'&&',NULL,NULL,0,146),(433,'||',NULL,NULL,0,146),(434,'!',NULL,NULL,0,146),(435,'+',NULL,NULL,1,146),(436,'-',NULL,NULL,1,146),(437,'&&',NULL,NULL,1,147),(438,'||',NULL,NULL,1,147),(439,'!',NULL,NULL,0,147),(440,'+',NULL,NULL,0,147),(441,'-',NULL,NULL,0,147),(442,NULL,'i1',NULL,NULL,148),(443,NULL,'i1',NULL,NULL,149),(444,NULL,'i1',NULL,NULL,150),(445,'Missing semicolon (;) at the end of the second line.',NULL,NULL,0,151),(446,'Incorrect use of the addition operator (+) for concatenation.',NULL,NULL,0,151),(447,'Incorrect use of double quotes (\" \") for defining a string.',NULL,NULL,0,151),(448,'Incorrect assignment of a string value to an integer variable.',NULL,NULL,1,151),(449,'?>',NULL,6,NULL,152),(450,'$name1 = “John”;',NULL,1,NULL,152),(451,'echo $name1 == $name2;',NULL,5,NULL,152),(452,'$name2 = “Peter”;',NULL,3,NULL,152),(453,'<?php',NULL,1,NULL,152),(454,'$name1 = $name2;',NULL,4,NULL,152),(455,'With the help of if-clauses you can consider only one precondition',NULL,NULL,1,153),(456,'Apart from the expression if, there are also elseif and else as possible expressions.',NULL,NULL,1,153),(457,'The precondition must correspond to the data type of a string',NULL,NULL,0,153),(458,'We will buy Spaceship A!',NULL,NULL,0,154),(459,'We will buy Spaceship B!',NULL,NULL,1,154),(460,'We will buy Spaceship C!',NULL,NULL,0,154),(461,NULL,'i1',NULL,NULL,155),(462,'if',NULL,1,NULL,156),(463,'else',NULL,4,NULL,156),(464,'{echo \"You are young!\";}',NULL,5,NULL,156),(465,'{echo \"you are old!\";}',NULL,3,NULL,156),(466,'($age>60)',NULL,2,NULL,156),(467,NULL,'i1',NULL,NULL,157),(468,'Condition in if should be ($a > $b)',NULL,NULL,1,158),(469,'else needs a condition',NULL,NULL,0,158),(470,'$a in not initialized',NULL,NULL,0,158),(471,'there is no error',NULL,NULL,0,158),(472,'the else-Clause is missing its closing bracket',NULL,NULL,0,159),(473,'$age is not initialized and the else-Clause is missing the opening bracket',NULL,NULL,1,159),(474,'Semantic error: children are older than 18',NULL,NULL,0,159),(475,'i++;',NULL,NULL,0,160),(476,'$i++',NULL,NULL,0,160),(477,'§i++;',NULL,NULL,0,160),(478,'$i++;',NULL,NULL,1,160),(479,'The program is automatically terminated by PHP after a certain number of repetitions',NULL,NULL,0,161),(480,'The code written so far is automatically deleted',NULL,NULL,0,161),(481,'An infinite loop occurs',NULL,NULL,1,161),(482,'A runtime error occurs',NULL,NULL,0,161),(483,'$countdown = 10;\n while ($countdown >= 0) {\necho \"Countdown: \" . $countdown . \"<br>\";\n$countdown--;\n}\necho \"Spaceship launch!\";',NULL,NULL,0,162),(484,'$planetCounter = 14;\nwhile ($planetCounter >= 8) {\necho \"Explore planet \" . $planetCounter . \"<br>\";\n$planetCounter++;\n}\necho \"Solar system exploration completed!\";',NULL,NULL,1,162),(485,'$year = 2023;\n$futureYear = 2050;\nwhile ($year <= $futureYear) {\necho \"Welcome to the year \" . $year . \"!<br>\";\n$year++;\n}\necho \"You have reached the future!\";',NULL,NULL,0,162),(486,'there are no errors',NULL,NULL,0,163),(487,'the elseif-Clause needs a condition',NULL,NULL,0,163),(488,'the elseif-Clause is wrong and should be else',NULL,NULL,0,163),(489,'the elseif-Clause is wrong and should be else and the while condition should be ($byteblaster == 0)',NULL,NULL,1,163),(490,'The condition in the while loop is incorrect.',NULL,NULL,1,164),(491,'The variable $x is not initialized.',NULL,NULL,0,164),(492,'The variable $sum is not incremented correctly.',NULL,NULL,0,164),(493,'There is an infinite loop.',NULL,NULL,1,164);
/*!40000 ALTER TABLE `question_element` ENABLE KEYS */;
UNLOCK TABLES;

--
-- Table structure for table `user`
--

DROP TABLE IF EXISTS `user`;
/*!40101 SET @saved_cs_client     = @@character_set_client */;
/*!50503 SET character_set_client = utf8mb4 */;
CREATE TABLE `user` (
  `id` int NOT NULL AUTO_INCREMENT,
  `username` varchar(45) DEFAULT NULL,
  `email` varchar(50) NOT NULL,
  `password_hash` char(60) NOT NULL,
  `group_id` int DEFAULT NULL,
  `role` enum('USER','ADMIN') NOT NULL DEFAULT 'USER',
  PRIMARY KEY (`id`),
  UNIQUE KEY `id_UNIQUE` (`id`),
  UNIQUE KEY `email_UNIQUE` (`email`),
  KEY `group_user_idx` (`group_id`),
  CONSTRAINT `group_user` FOREIGN KEY (`group_id`) REFERENCES `group` (`id`) ON DELETE SET NULL ON UPDATE CASCADE
) ENGINE=InnoDB AUTO_INCREMENT=5 DEFAULT CHARSET=utf8mb4 COLLATE=utf8mb4_0900_ai_ci;
/*!40101 SET character_set_client = @saved_cs_client */;

--
-- Dumping data for table `user`
--

LOCK TABLES `user` WRITE;
/*!40000 ALTER TABLE `user` DISABLE KEYS */;
INSERT INTO `user` VALUES (1,'Frankakn7','maxim_st@gmx.de','testestestestestestestestestes',1,'USER'),(2,'ABCDE','student@uni','hashahsahs',1,'USER'),(4,'admin','admin@admin','$2b$10$9Q.TwQxehxJI6/S8P2oxsOQ.vsjyOcql9gEdyCpeCZhH5NZyrK/hi',NULL,'ADMIN');
/*!40000 ALTER TABLE `user` ENABLE KEYS */;
UNLOCK TABLES;

--
-- Temporary view structure for view `user_game_curriculum`
--

DROP TABLE IF EXISTS `user_game_curriculum`;
/*!50001 DROP VIEW IF EXISTS `user_game_curriculum`*/;
SET @saved_cs_client     = @@character_set_client;
/*!50503 SET character_set_client = utf8mb4 */;
/*!50001 CREATE VIEW `user_game_curriculum` AS SELECT 
 1 AS `user_id`,
 1 AS `username`,
 1 AS `email`,
 1 AS `role`,
 1 AS `game_state`,
 1 AS `group_id`,
 1 AS `group_name`,
 1 AS `curriculum_id`,
 1 AS `curriculum_name`,
 1 AS `curriculum_description`*/;
SET character_set_client = @saved_cs_client;

--
-- Final view structure for view `chapter_questions`
--

/*!50001 DROP VIEW IF EXISTS `chapter_questions`*/;
/*!50001 SET @saved_cs_client          = @@character_set_client */;
/*!50001 SET @saved_cs_results         = @@character_set_results */;
/*!50001 SET @saved_col_connection     = @@collation_connection */;
/*!50001 SET character_set_client      = utf8mb4 */;
/*!50001 SET character_set_results     = utf8mb4 */;
/*!50001 SET collation_connection      = utf8mb4_0900_ai_ci */;
/*!50001 CREATE ALGORITHM=UNDEFINED */
/*!50013 DEFINER=`root`@`localhost` SQL SECURITY DEFINER */
/*!50001 VIEW `chapter_questions` AS select `chapter`.`id` AS `chapter_id`,`chapter`.`name` AS `chapter_name`,`chapter`.`material` AS `chapter_material`,`chapter`.`curriculum_id` AS `chapter_curriculum_id`,`chapter`.`order_position` AS `chapter_order_position`,`full_question`.`question_id` AS `question_id`,`full_question`.`question_text` AS `question_text`,`full_question`.`hint` AS `hint`,`full_question`.`type` AS `type`,`full_question`.`difficulty` AS `difficulty`,`full_question`.`code_text` AS `code_text`,`full_question`.`question_element_id` AS `question_element_id`,`full_question`.`question_element_content` AS `question_element_content`,`full_question`.`question_element_element_identifier` AS `question_element_element_identifier`,`full_question`.`question_element_correct_order_position` AS `question_element_correct_order_position`,`full_question`.`question_element_is_correct` AS `question_element_is_correct`,`full_question`.`correct_answer_id` AS `correct_answer_id`,`full_question`.`answer` AS `answer` from ((`chapter` join `question` on((`chapter`.`id` = `question`.`chapter_id`))) join `full_question` on((`question`.`id` = `full_question`.`question_id`))) */;
/*!50001 SET character_set_client      = @saved_cs_client */;
/*!50001 SET character_set_results     = @saved_cs_results */;
/*!50001 SET collation_connection      = @saved_col_connection */;

--
-- Final view structure for view `curriculum_chapters`
--

/*!50001 DROP VIEW IF EXISTS `curriculum_chapters`*/;
/*!50001 SET @saved_cs_client          = @@character_set_client */;
/*!50001 SET @saved_cs_results         = @@character_set_results */;
/*!50001 SET @saved_col_connection     = @@collation_connection */;
/*!50001 SET character_set_client      = utf8mb4 */;
/*!50001 SET character_set_results     = utf8mb4 */;
/*!50001 SET collation_connection      = utf8mb4_0900_ai_ci */;
/*!50001 CREATE ALGORITHM=UNDEFINED */
/*!50013 DEFINER=`root`@`localhost` SQL SECURITY DEFINER */
/*!50001 VIEW `curriculum_chapters` AS select `curriculum`.`id` AS `curriculum_id`,`curriculum`.`name` AS `curriculum_name`,`curriculum`.`description` AS `curriculum_description`,`chapter_questions`.`chapter_id` AS `chapter_id`,`chapter_questions`.`chapter_name` AS `chapter_name`,`chapter_questions`.`chapter_material` AS `chapter_material`,`chapter_questions`.`chapter_order_position` AS `chapter_order_position`,`chapter_questions`.`question_id` AS `question_id`,`chapter_questions`.`question_text` AS `question_text`,`chapter_questions`.`hint` AS `hint`,`chapter_questions`.`type` AS `type`,`chapter_questions`.`difficulty` AS `difficulty`,`chapter_questions`.`code_text` AS `code_text`,`chapter_questions`.`question_element_id` AS `question_element_id`,`chapter_questions`.`question_element_content` AS `question_element_content`,`chapter_questions`.`question_element_element_identifier` AS `question_element_element_identifier`,`chapter_questions`.`question_element_correct_order_position` AS `question_element_correct_order_position`,`chapter_questions`.`question_element_is_correct` AS `question_element_is_correct`,`chapter_questions`.`correct_answer_id` AS `correct_answer_id`,`chapter_questions`.`answer` AS `answer` from (`curriculum` left join `chapter_questions` on((`curriculum`.`id` = `chapter_questions`.`chapter_curriculum_id`))) */;
/*!50001 SET character_set_client      = @saved_cs_client */;
/*!50001 SET character_set_results     = @saved_cs_results */;
/*!50001 SET collation_connection      = @saved_col_connection */;

--
-- Final view structure for view `full_question`
--

/*!50001 DROP VIEW IF EXISTS `full_question`*/;
/*!50001 SET @saved_cs_client          = @@character_set_client */;
/*!50001 SET @saved_cs_results         = @@character_set_results */;
/*!50001 SET @saved_col_connection     = @@collation_connection */;
/*!50001 SET character_set_client      = utf8mb4 */;
/*!50001 SET character_set_results     = utf8mb4 */;
/*!50001 SET collation_connection      = utf8mb4_0900_ai_ci */;
/*!50001 CREATE ALGORITHM=UNDEFINED */
/*!50013 DEFINER=`root`@`localhost` SQL SECURITY DEFINER */
/*!50001 VIEW `full_question` AS select `question`.`id` AS `question_id`,`question`.`question_text` AS `question_text`,`question`.`hint` AS `hint`,`question`.`type` AS `type`,`question`.`difficulty` AS `difficulty`,`question`.`code_text` AS `code_text`,`question_element`.`id` AS `question_element_id`,`question_element`.`content` AS `question_element_content`,`question_element`.`element_identifier` AS `question_element_element_identifier`,`question_element`.`correct_order_position` AS `question_element_correct_order_position`,`question_element`.`is_correct` AS `question_element_is_correct`,`correct_answer`.`id` AS `correct_answer_id`,`correct_answer`.`answer` AS `answer` from ((`question` join `question_element` on((`question`.`id` = `question_element`.`question_id`))) left join `correct_answer` on((`question_element`.`id` = `correct_answer`.`question_element_id`))) */;
/*!50001 SET character_set_client      = @saved_cs_client */;
/*!50001 SET character_set_results     = @saved_cs_results */;
/*!50001 SET collation_connection      = @saved_col_connection */;

--
-- Final view structure for view `user_game_curriculum`
--

/*!50001 DROP VIEW IF EXISTS `user_game_curriculum`*/;
/*!50001 SET @saved_cs_client          = @@character_set_client */;
/*!50001 SET @saved_cs_results         = @@character_set_results */;
/*!50001 SET @saved_col_connection     = @@collation_connection */;
/*!50001 SET character_set_client      = utf8mb4 */;
/*!50001 SET character_set_results     = utf8mb4 */;
/*!50001 SET collation_connection      = utf8mb4_0900_ai_ci */;
/*!50001 CREATE ALGORITHM=UNDEFINED */
/*!50013 DEFINER=`root`@`localhost` SQL SECURITY DEFINER */
/*!50001 VIEW `user_game_curriculum` AS select `u`.`id` AS `user_id`,`u`.`username` AS `username`,`u`.`email` AS `email`,`u`.`role` AS `role`,`gs`.`state_data` AS `game_state`,`g`.`id` AS `group_id`,`g`.`name` AS `group_name`,`c`.`id` AS `curriculum_id`,`c`.`name` AS `curriculum_name`,`c`.`description` AS `curriculum_description` from (((`user` `u` left join `game_state` `gs` on((`u`.`id` = `gs`.`user_id`))) join `group` `g` on((`u`.`group_id` = `g`.`id`))) join `curriculum` `c` on((`g`.`curriculum_id` = `c`.`id`))) */;
/*!50001 SET character_set_client      = @saved_cs_client */;
/*!50001 SET character_set_results     = @saved_cs_results */;
/*!50001 SET collation_connection      = @saved_col_connection */;
/*!40103 SET TIME_ZONE=@OLD_TIME_ZONE */;

/*!40101 SET SQL_MODE=@OLD_SQL_MODE */;
/*!40014 SET FOREIGN_KEY_CHECKS=@OLD_FOREIGN_KEY_CHECKS */;
/*!40014 SET UNIQUE_CHECKS=@OLD_UNIQUE_CHECKS */;
/*!40101 SET CHARACTER_SET_CLIENT=@OLD_CHARACTER_SET_CLIENT */;
/*!40101 SET CHARACTER_SET_RESULTS=@OLD_CHARACTER_SET_RESULTS */;
/*!40101 SET COLLATION_CONNECTION=@OLD_COLLATION_CONNECTION */;
/*!40111 SET SQL_NOTES=@OLD_SQL_NOTES */;

-- Dump completed on 2023-07-19  0:35:24
